<application>
  <component name="CodeInsightSettings">
    <option name="completionCaseSensitive" value="2" />
    <option name="COMPLETION_CASE_SENSITIVE" value="2" />
    <option name="ADD_UNAMBIGIOUS_IMPORTS_ON_THE_FLY" value="true" />
  </component>
  <component name="EditorSettings">
    <option name="CARET_BLINKING_PERIOD" value="400" />
    <option name="IS_RIGHT_MARGIN_SHOWN" value="false" />
    <option name="IS_BLOCK_CURSOR" value="true" />
    <option name="IS_WHEEL_FONTCHANGE_ENABLED" value="true" />
    <option name="IS_WHEEL_FONTCHANGE_PERSISTENT" value="true" />
  </component>
</application>