<application>
  <component name="GeneralSettings">
    <option name="confirmExit" value="false" />
    <option name="reopenLastProject" value="false" />
    <option name="showTipsOnStartup" value="false" />
  </component>
  <component name="Registry">
    <entry key="ide.experimental.ui" value="true" />
    <entry key="debugger.new.tool.window.layout" value="true" />
    <entry key="editor.minimap.enabled" value="true" />
    <entry key="ide.balloon.shadow.size" value="0" />
    <entry key="ide.intellij.laf.enable.animation" value="true" />
  </component>
</application>