<application>
  <component name="ProjectManager">
    <defaultProject>
      <component name="CodeInsightWorkspaceSettings">
        <option name="optimizeImportsOnTheFly" value="true" />
      </component>
      <component name="MavenImportPreferences">
        <option name="generalSettings">
          <MavenGeneralSettings>
            <option name="mavenHome" value="D:/Dev/Maven/apache-maven-3.8.5-bin/apache-maven-3.8.5" />
          </MavenGeneralSettings>
        </option>
      </component>
      <component name="PropertiesComponent"><![CDATA[{
  "keyToString": {
    "settings.editor.selected.configurable": "preferences.keymap"
  }
}]]></component>
      <component name="WindowStateProjectService">
        <state x="2630" y="213" key="FileChooserDialogImpl" timestamp="1678634312908">
          <screen x="1920" y="0" width="1920" height="1050" />
        </state>
        <state x="2630" y="213" key="FileChooserDialogImpl/0.0.1920.1050/1920.0.1920.1050" timestamp="1678634312908" />
        <state x="2729" y="195" key="SettingsEditor" timestamp="1678635465835">
          <screen x="1920" y="0" width="1920" height="1050" />
        </state>
        <state x="2729" y="195" key="SettingsEditor/0.0.1920.1050/1920.0.1920.1050" timestamp="1678635465835" />
      </component>
    </defaultProject>
  </component>
</application>